{
  "algorithm": "plugin",
  "variance": "in-sample",
  "levels": [
    0.9,
    0.95,
    0.99
  ],
  "q": 50,
  "r": 0.04,
  "results": [
    {
      "N": 8,
      "f_opt": -29.894534414289144,
      "F": [
        -34.48541159111556,
        -29.16098393392532,
        -27.825511987094337,
        -24.550890317835457,
        -32.67552062574601,
        -29.38015645177465,
        -35.71172768249733,
        -25.366072724324507
      ]
    },
    {
      "N": 16,
      "f_opt": -30.68811331813489,
      "F": [
        -34.67562053869734,
        -29.03670193141668,
        -27.68757358944948,
        -24.283794797684628,
        -32.79453603878795,
        -29.278884777974493,
        -36.085964790705866,
        -25.1410546465758,
        -27.52630253728744,
        -36.9683827051654,
        -31.79915813350762,
        -26.01893351094739,
        -33.828304440393154,
        -34.597953271853896,
        -34.14140873480582,
        -27.145238644905238
      ]
    },
    {
      "N": 32,
      "f_opt": -30.882035727162606,
      "F": [
        -34.834331102272756,
        -28.982141256652532,
        -27.603248211037165,
        -24.02260352285041,
        -32.92964633988523,
        -29.2369343522096,
        -35.99097696462812,
        -24.92259503595545,
        -27.440900387903614,
        -36.91315603843891,
        -31.88952536946618,
        -25.836254597170107,
        -33.98749941052358,
        -34.810210086503616,
        -34.293411870276074,
        -27.01569079401263,
        -33.28351348075582,
        -30.24626625290665,
        -27.904890891104625,
        -33.92002971890263,
        -24.63689563623307,
        -36.41024410692681,
        -26.520494461248237,
        -29.43973073530923,
        -30.206243408262118,
        -32.792083480770756,
        -33.26183255063894,
        -31.85098282435576,
        -28.223449416979573,
        -30.185735344087792,
        -33.442172395434234,
        -35.191453225501164
      ]
    },
    {
      "N": 64,
      "f_opt": -31.395978159863525,
      "F": [
        -34.91148375092271,
        -28.86002979284866,
        -27.459239394234874,
        -23.774169913015875,
        -32.97833212706314,
        -29.141134330823828,
        -36.33562288015552,
        -24.701924495508383,
        -27.305085111649024,
        -37.23150222662064,
        -31.912391672116804,
        -25.62916492995447,
        -34.03097782918921,
        -34.91229199627543,
        -34.3457154532462,
        -26.849497451213036,
        -33.35640645273653,
        -30.20691226242805,
        -27.761255483008647,
        -33.96681637982678,
        -24.436296932274654,
        -36.65205231189977,
        -26.31965036008295,
        -29.370559691078036,
        -30.093556246948616,
        -32.82002402358638,
        -33.341113982237815,
        -31.872992861296407,
        -28.090371600475223,
        -30.13275668896977,
        -33.52055910447032,
        -35.27536350905385,
        -28.694160145295225,
        -31.55787391625901,
        -27.84908475047425,
        -34.5463974106523,
        -36.55490827020424,
        -31.44697623579072,
        -33.03487293113802,
        -32.828451875388986,
        -28.83016225195425,
        -29.233886817290788,
        -27.091660381856396,
        -33.53052388930928,
        -34.58839841392652,
        -29.97067408434587,
        -36.88917705951813,
        -34.64448862256875,
        -31.53309292897445,
        -31.838648107254503,
        -30.667768531334143,
        -29.45335632812881,
        -36.03707683157225,
        -30.039743503848175,
        -31.61205846380493,
        -32.33196325561732,
        -31.24743080113516,
        -29.163639398023566,
        -36.45758013774687,
        -27.343101290248143,
        -36.954577462308094,
        -32.16068221194851,
        -30.587053121752596,
        -33.02788155638292
      ]
    }
  ],
  "meta": {
    "model": "FedBatchReactor",
    "sampler": "UniformRelativeSampler",
    "seed": 1196192930,
    "created": "2026-07-12T21:23:22"
  }
}