{
  "algorithm": "subsampling",
  "levels": [
    0.9,
    0.95,
    0.99
  ],
  "q": 50,
  "r": 0.04,
  "results": [
    {
      "N": 8,
      "f_opt": -29.894534414289144,
      "b": 5,
      "m": 40,
      "deltas": [
        -0.5274794197693021,
        -3.770771407510206,
        3.8090710185716126,
        -5.851033586512175,
        -1.7665143321938859,
        -0.7038862953767306,
        0.6465049899568397,
        0.057926360333935355,
        -0.04309041685590429,
        -3.4953764607394096,
        4.726785581493294,
        1.0953443814932384,
        -1.6163338544583656,
        -0.3270534055554708,
        -0.9131942145414412,
        1.0953443814930637,
        -2.470244327261685,
        -3.1525301290223484,
        -3.3694063987911154,
        -1.4346356040889812,
        -3.152530129022237,
        -0.18570586994734284,
        0.6465049899566014,
        -0.22541502645982814,
        -0.7038862953712333,
        2.2506848257250494,
        0.8165664414493462,
        2.8502060045234305,
        -0.5994535617878359,
        -3.9002840373667946,
        -5.067286742904607,
        3.870114084640532,
        1.5388270020706463,
        -1.4346356041234347,
        -0.22541502644201744,
        -0.3270534055581718,
        -0.9310418939374696,
        -1.4346356040963613,
        0.1603527018268684,
        -0.1857058699478354
      ]
    },
    {
      "N": 16,
      "f_opt": -30.68811331813489,
      "b": 10,
      "m": 80,
      "deltas": [
        2.520245154058822,
        1.043874487699266,
        -3.1312491126654325,
        0.6258528759437109,
        4.252806201807449,
        -5.248347312434054,
        -1.5916103341460126,
        2.2197925920309785,
        -3.082606843031804,
        3.517449910920482,
        -1.7010234991336624,
        -1.0870131475575069,
        -0.9190551781349232,
        3.029385832628398,
        -5.187727883364911,
        -2.055283099564704,
        -0.935450888538895,
        -2.917961888097672,
        1.5392502613352392,
        -5.451247408578767,
        -2.311169011482963,
        -2.7506732008549513,
        2.6371607086529245,
        1.4071644611419392,
        -2.117735014215919,
        -5.63949601030764,
        2.9525036491609002,
        0.9333763660290236,
        0.07965855696720947,
        -3.7907219635637954,
        2.752163609695345,
        2.122718053107449,
        3.105153238327154,
        -3.197676361157314,
        -2.075311505228668,
        -3.3070626594162245,
        3.834123769281846,
        1.1986003564962109,
        -0.3629951046768201,
        4.670749924512586,
        -1.783486425859652,
        3.205596969951983,
        1.2056029140399211,
        0.29887618949769673,
        -3.674723969241377,
        1.32284756606979,
        -1.4612771516425611,
        2.6851793677943117,
        0.9749840034451924,
        4.249290078496172,
        4.928354079588131,
        0.3485422449696001,
        -4.451242691069097,
        -0.7624754257027593,
        -0.5575450252374271,
        1.4024124448765645,
        -4.434220882021477,
        0.3674724327871477,
        4.682426231604325,
        -0.32154187619986524,
        -2.8376387571629222,
        -0.2813458471207018,
        0.41292106253119026,
        -2.53306246623394,
        1.3626912946729886,
        0.5928747387943268,
        -0.5799235149427132,
        5.235822898853978,
        0.12072086508116125,
        -3.5951641942057693,
        -1.4010375297359925,
        -0.6638573096801251,
        -2.214550899768501,
        4.09752264714723,
        -7.081465537684309,
        2.2526385607000354,
        1.749130161002764,
        3.212840905107931,
        4.485719714966945,
        -3.4722803145437617
      ]
    },
    {
      "N": 32,
      "f_opt": -30.882035727162606,
      "b": 19,
      "m": 160,
      "deltas": [
        2.038336699376829,
        -2.9346486095811564,
        -0.25681966766547154,
        4.131586241708439,
        1.5028771298657044,
        -0.9126389197525698,
        0.5864440300207496,
        1.8816602970146932,
        4.900155416945793,
        1.94154598317085,
        1.4889665760361308,
        -2.5852461210183284,
        -1.7362083795632597,
        -4.856610710972442,
        -1.5015791665001113,
        3.793749197419962,
        1.281985374196742,
        -2.9183227702199632,
        0.7795503783277236,
        -2.7775616187341465,
        5.684093170643406,
        1.0939376591452765,
        0.6265545677800455,
        1.4147117775204787,
        0.6928977391800409,
        1.362322554083877,
        -1.1988711469901665,
        0.2273928928618685,
        1.0625085550911673,
        -1.0959119034555393,
        2.78553351011088,
        2.2268515653362666,
        0.6069734731437084,
        1.211899955490388,
        -0.7548067040825613,
        3.2010781526417764,
        -2.6966106491188864,
        0.1931893407694671,
        1.070820347564837,
        1.9606032790052523,
        -2.8878470217958245,
        1.8451472376768843,
        2.217962722301145,
        -2.048017723388032,
        -4.739608696248318,
        -0.6866585179511917,
        2.2379323414215064,
        -0.8755218460891445,
        1.5606523152880303,
        1.04309539153726,
        -1.285820848666069,
        -4.206294904427376,
        -0.29754446868641476,
        -3.4905336324681455,
        -0.8751976662573177,
        -0.40264595570160777,
        -0.149428159459602,
        0.8500404179043324,
        -1.9264559095030815,
        0.09358938140594766,
        -2.4351968724040134,
        -0.7413956516294077,
        0.9095367202687312,
        0.2567727324072148,
        1.0092437573918664,
        1.438751960046907,
        1.4948657164199828,
        3.2689953721479585,
        -0.007134641438717335,
        -0.40131534491461485,
        -0.22430373554742056,
        0.4469142931395328,
        -3.735388519492712,
        -1.355576894893116,
        1.3605507708363203,
        1.3654614480686287,
        4.293546249864369,
        0.726389688943246,
        -1.7835453050140062,
        0.4039028116727535,
        0.11813506754101272,
        -4.01940358558931,
        -2.9215273042945453,
        -0.306919449707087,
        1.4954900376586924,
        -1.3740623305648365,
        -1.9831193564673764,
        0.615308264727433,
        3.01445706139137,
        -0.2235619773952968,
        -2.5458043983166996,
        3.280104319044308,
        2.297773383340605,
        -4.870529022794458,
        -0.35952442037398313,
        3.5968233679060226,
        0.8957740384562597,
        0.3550826002375852,
        -2.988407399282583,
        -2.485421075498791,
        1.135023627406602,
        4.239359918540768,
        1.1516455709291575,
        1.185207823823292,
        1.781040809721544,
        -3.377909972418808,
        2.222819257009778,
        -4.789545989666225,
        -0.21293394914994615,
        4.582039616682223,
        -2.6215756561106054,
        2.0638664559812896,
        -0.21817406639807402,
        -1.244133463962826,
        -0.7828517596823509,
        0.3598662262948629,
        2.76793582158346,
        -0.9100100970933231,
        0.23510071835615523,
        2.5989963439165,
        -0.03833191107171696,
        -0.1782888707512992,
        1.3115114206257266,
        0.24915039162848343,
        -3.971558884471516,
        0.42877462961392554,
        0.9788344235068958,
        -1.5719446699277568,
        -2.679392712784749,
        -1.529081586401445,
        2.0147536486064164,
        -0.1631145710538665,
        -0.8429312795140821,
        -2.032468974431121,
        -1.8221868709029276,
        -1.7368056433949581,
        1.2538346179333406,
        -0.06466233447341341,
        1.5066480761939787,
        -2.1773331659817847,
        4.687625431888247,
        -1.3193136501266067,
        3.3739795573953604,
        2.69155290228386,
        4.181198503103758,
        -0.6253645523202108,
        -0.14837035671753812,
