{
 "algorithm": "clt_reference",
 "n_ref": 4096,
 "f_ref": -20520.795444188836,
 "q": 50,
 "sigma_ref": 1203.2149490924219,
 "w_ref": [
  -9.99930036795419e-09,
  -9.999300319261192e-09,
  -9.999286161000736e-09,
  -9.999238506601246e-09,
  -9.999132852094652e-09,
  -9.998927006358176e-09,
  -9.998517996724356e-09,
  -9.997557410382204e-09,
  -9.993931329762798e-09,
  0.27053605714734436,
  1.6550225098442934,
  -9.988330864667258e-09,
  2.0423346855557916,
  0.9405718576646074,
  1.4882573573621138,
  1.4895186053740528,
  1.668911052835085,
  1.7148242656062689,
  2.225675584192335,
  1.2866593525018664,
  -9.999214145796244e-09,
  -9.999712450538622e-09,
  5.2125253056717415,
  0.8893822284084849,
  2.904100675350041,
  2.6861186768200445,
  3.0248401088358237,
  3.2231812942326714,
  3.4733966628611386,
  3.72639127269701,
  4.0000428148225,
  4.290903583677861,
  4.607696730312906,
  4.948567845384381,
  5.316652590406515,
  5.722606916110626,
  6.1655317288566085,
  6.643522039399713,
  7.179493059109566,
  7.779553363213875,
  8.383659800692238,
  9.259267000098845,
  9.670632281530377,
  12.000000100779467,
  12.000000119961673,
  7.414512284440647,
  -9.99837095554987e-09,
  -9.999401043969526e-09,
  -9.99963710746383e-09,
  -9.999719294580435e-09
 ],
 "meta": {
  "model": "EthanolFermentation",
  "sampler": "UniformRelativeSampler",
  "seed": 2093418128,
  "cap": 200.0,
  "R": 300
 }
}