{"algorithm": "coverage_intervals", "ci": "plugin", "levels": [0.9, 0.95, 0.99], "n_ref": 64, "f_ref": -20419.800901816656, "R": 6, "sample_sizes": [8, 16, 32, 64], "meta": {"model": "EthanolFermentation", "ci": "plugin", "sampler": "UniformRelativeSampler", "radius": 0.06, "seed": 299109036, "cap": 200.0}, "results": [{"N": 8, "J_hat_N": [-20048.836276650996, -20112.23413085841, -21062.143811646674, -21157.937700736307, -20740.139109784548, -19974.22831660575], "se": [410.7825420671651, 549.2223122150715, 337.3687667914689, 220.50361721179053, 387.9536494186174, 383.73618355700125], "lo": [[-20724.51343085852, -21015.624443108045, -21617.066051323767, -21520.63387526304, -21378.26607711982, -20605.418169922], [-20853.95526458045, -21188.690082305766, -21723.374444066645, -21590.116848932226, -21500.514290315914, -20726.337415942322], [-21106.941985893907, -21526.937056824878, -21931.148167250292, -21725.91737948897, -21739.44148837576, -20962.667223043893]], "hi": [[-19373.159122443474, -19208.843818608777, -20507.22157196958, -20795.241526209575, -20102.012142449275, -19343.0384632895], [-19243.717288721542, -19035.778179411056, -20400.913179226704, -20725.75855254039, -19979.763929253182, -19222.119217269177], [-18990.730567408085, -18697.531204891944, -20193.139456043056, -20589.958021983646, -19740.836731193336, -18985.789410167607]]}, {"N": 16, "J_hat_N": [-20097.834166228164, -20453.891122054687, -20542.561773837384, -21123.773519861064, -20848.142289846808, -20229.759140699356], "se": [267.6824617095206, 382.0612713810077, 330.836272917907, 152.52262576761723, 313.67032959181324, 291.48838349792806], "lo": [[-20538.132634242367, -21082.325990003428, -21086.73901727351, -21374.65091404709, -21364.084069142966, -20709.214865510145], [-20622.48215047185, -21202.717453849044, -21190.988953535943, -21422.712373193077, -21462.924838865572, -20801.065874267097], [-20787.338495145654, -21438.015740629035, -21394.73954029623, -21516.645768767517, -21656.103516463245, -20980.58346055742]], "hi": [[-19657.53569821396, -19825.456254105946, -19998.384530401258, -20872.896125675037, -20332.20051055065, -19750.303415888568], [-19573.186181984478, -19705.06479026033, -19894.134594138824, -20824.834666529052, -20233.359740828044, -19658.452407131615], [-19408.329837310674, -19469.76650348034, -19690.38400737854, -20730.90127095461, -20040.18106323037, -19478.934820841292]]}, {"N": 32, "J_hat_N": [-20545.048594204745, -20520.612378039426, -20394.1635656572, -20856.418069301013, -20628.97843927873, -20451.669126785207], "se": [191.36075062224216, 274.1877118014394, 202.22913354670172, 172.15586362445754, 201.93988755604917, 207.5427946686207], "lo": [[-20859.809018921896, -20971.61103026155, -20726.800889446746, -21139.589265984665, -20961.13999575147, -20793.046645343533], [-20920.10877347889, -21058.010418173697, -20790.525384033474, -21193.837361732338, -21024.773345930655, -20858.445529586494], [-21037.96122320663, -21226.873120770597, -20915.071293878096, -21299.86218760266, -21149.14111920097, -20986.263939033073]], "hi": [[-20230.288169487594, -20069.613725817304, -20061.526241867654, -20573.24687261736, -20296.81688280599, -20110.291608226882], [-20169.9884149306, -19983.214337905156, -19997.801747280926, -20518.99877686969, -20233.183532626805, -20044.89272398392], [-20052.135965202862, -19814.351635308256, -19873.255837436303, -20412.973950999367, -20108.81575935649, -19917.07431453734]]}, {"N": 64, "J_hat_N": [-20744.215323068755, -20540.15566357125, -20504.45022904465, -20733.653332383932, -20696.698229083886, -20608.239427909615], "se": [138.07163770693174, 171.33977499690891, 144.21102227934685, 130.69111157625343, 156.44217663833663, 152.70854094578155], "lo": [[-20971.32295713013, -20821.984513915966, -20741.656252087214, -20948.621081270452, -20954.022710735637, -20859.42262535075], [-21014.830760260804, -20875.975451684386, -20787.098638885873, -20989.803204172895, -21003.31926095808, -20907.542668295006], [-21099.864293463255, -20981.49767687176, -20875.913206126534, -21070.291327295425, -21099.666571979884, -21001.590562579953]], "hi": [[-20517.10768900738, -20258.326813226537, -20267.244206002088, -20518.685583497412, -20439.373747432135, -20357.05623046848], [-20473.599885876705, -20204.335875458117, -20221.80181920343, -20477.50346059497, -20390.07719720969, -20308.936187524225], [-20388.566352674254, -20098.813650270742, -20132.987251962768, -20397.01533747244, -20293.729886187888, -20214.888293239277]]}]}