{
 "algorithm": "clt_reference",
 "n_ref": 4096,
 "f_ref": -32.042858846701826,
 "q": 50,
 "sigma_ref": 3.735477165878448,
 "w_ref": [
  0.15051335811100083,
  0.1661048834059367,
  0.18229101752188143,
  0.19850285215768312,
  0.2167879671905239,
  0.2386943086492756,
  0.26288724380564377,
  0.2874723430513293,
  0.312976126844226,
  0.34216126413686815,
  0.37672639956705867,
  0.41508482084068105,
  0.4546790854816643,
  0.4958337566837737,
  0.5420548482873014,
  0.5961925673666552,
  0.6569177470206022,
  0.7205138944757427,
  0.7866220055159932,
  0.8604856558740656,
  0.9481203339355246,
  1.049290174455962,
  1.15556366938701,
  1.256992812383861,
  1.3554041575037543,
  1.4765650386071154,
  1.6682693454979984,
  1.940798861377567,
  1.9999999849979218,
  2.0000000080668623,
  1.9038736007302128,
  -8.530007386842768e-09,
  -8.659654688876666e-09,
  0.4945142249142933,
  0.6130723370153575,
  0.6790900313732153,
  0.7246958715615299,
  0.7527410772276628,
  0.7710889298995286,
  0.7824305119108207,
  0.7882775300969357,
  0.7916969133134818,
  0.7963613770099661,
  0.8030937918353326,
  0.8140644739181708,
  0.8319776888254637,
  0.8640157993510788,
  0.9258630561656331,
  1.0844477685861478,
  2.000000019854716
 ],
 "meta": {
  "model": "FedBatchReactor",
  "sampler": "UniformRelativeSampler",
  "seed": 2093418128,
  "R": 300
 }
}