{
  "algorithm": "plugin",
  "variance": "in-sample",
  "levels": [
    0.9,
    0.95,
    0.99
  ],
  "q": 50,
  "r": 0.06,
  "results": [
    {
      "N": 8,
      "f_opt": -21078.018381616814,
      "F": [
        -20795.27555515044,
        -21864.279466725,
        -21830.41307896131,
        -20548.271459214444,
        -19502.168273466763,
        -20672.874808180968,
        -22365.744836379337,
        -21045.11957485623
      ]
    },
    {
      "N": 16,
      "f_opt": -20918.053777588793,
      "F": [
        -20719.79485241621,
        -21801.54249038976,
        -21786.635795234866,
        -20443.77508419397,
        -19598.27835307348,
        -20591.909085906937,
        -22319.15793158364,
        -20982.0964748999,
        -20780.348000098613,
        -17946.721966438534,
        -20384.499529439276,
        -22005.585347198165,
        -20111.372368482735,
        -20465.137894362637,
        -22404.67027425834,
        -22347.334993443656
      ]
    },
    {
      "N": 32,
      "f_opt": -20949.91689096162,
      "F": [
        -20757.279567494323,
        -21848.447664044616,
        -21832.019727780033,
        -20455.823114268416,
        -19569.03263459804,
        -20594.086682782505,
        -22366.792704771917,
        -21015.56578975519,
        -20819.526570597376,
        -17689.15932021203,
        -20383.2769777996,
        -22051.44558970031,
        -20113.5498771207,
        -20460.230956193005,
        -22432.98451665832,
        -22395.271011980938,
        -19306.5459788269,
        -21227.109422663034,
        -19844.1952745549,
        -20654.669097890797,
        -20726.32960437683,
        -20397.693061334405,
        -20875.579339123356,
        -21416.54417562403,
        -22586.360167972423,
        -21254.014271067525,
        -20713.629353447617,
        -22067.789627575923,
        -22015.652397075264,
        -20015.76630774966,
        -20924.704918000978,
        -21586.26480773094
      ]
    },
    {
      "N": 64,
      "f_opt": -20527.38261010267,
      "F": [
        -20697.267307654656,
        -21761.01561731618,
        -21744.074185202444,
        -20440.54560126068,
        -19613.229139616855,
        -20591.529462367915,
        -22274.729742364005,
        -20956.506861562055,
        -20760.297928911546,
        -18045.59024023028,
        -20380.061325700874,
        -21962.87097676064,
        -20115.161993945207,
        -20461.84517632082,
        -22380.68521457877,
        -22302.766346681412,
        -19381.06325858717,
        -21172.24852907269,
        -19849.18638379526,
        -20620.9816815595,
        -20696.978732834425,
        -20375.187888641292,
        -20812.012787894084,
        -21346.342128906486,
        -22494.39699302372,
        -21186.448836343156,
        -20684.717871951285,
        -21982.924731561357,
        -22000.7621555775,
        -20017.405405329977,
        -20879.170033800718,
        -21503.56247360564,
        -20658.395642428197,
        -21057.989679949773,
        -18719.358895117966,
        -22326.777133394182,
        -19398.972677837803,
        -20490.917800513493,
        -22284.056798778867,
        -18098.90395318395,
        -21092.424916201853,
        -18932.702687679757,
        -20107.432589524862,
        -21447.560754939455,
        -21696.958894847812,
        -19220.02679742106,
        -21452.400032649533,
        -21301.372565358568,
        -21715.20658760125,
        -19855.76281134459,
        -19826.807680321883,
        -19952.615413704138,
        -17311.846351690703,
        -20805.542908135012,
        -21266.31894682045,
        -20537.022742364523,
        -19987.516328792743,
        -17955.708670185926,
        -20134.587000551834,
        -19257.729910514747,
        -19689.47510004782,
        -18995.911037727543,
        -20151.606095286592,
        -18531.010628695512
      ]
    }
  ],
  "meta": {
    "model": "EthanolFermentation",
    "sampler": "UniformRelativeSampler",
    "seed": 1196192930,
    "cap": 200.0,
    "created": "2026-07-12T23:55:58"
  }
}