{
  "algorithm": "subsampling",
  "levels": [
    0.9,
    0.95,
    0.99
  ],
  "q": 50,
  "r": 0.06,
  "results": [
    {
      "N": 8,
      "f_opt": -21078.018381616814,
      "b": 5,
      "m": 40,
      "deltas": [
        847.3036354768061,
        -81.85417582720552,
        780.5430314664745,
        77.27088901159894,
        -397.01454583867184,
        -19.3513440596305,
        -626.2171674709494,
        -633.787873093981,
        -26.2014497491358,
        653.0240898266306,
        -269.93315726368456,
        1209.832935616578,
        502.3189846327852,
        194.47606199690392,
        630.4351386329867,
        1209.8329354754478,
        -383.1099364110031,
        -67.36286624597263,
        138.06120275078808,
        -1370.7007695488867,
        -67.36286162349651,
        157.46686655518522,
        -626.2171736528932,
        -323.7780106434205,
        -19.351359477846596,
        418.63092211455256,
        -1120.0647464431538,
        -1131.073407730673,
        -546.041288926669,
        440.39163923263175,
        -434.10922734834764,
        265.6440699040876,
        -156.9809544577931,
        -1370.700763782337,
        -323.77801395409205,
        194.4760643122053,
        179.93380264819223,
        -1370.7007711806561,
        377.1160403807238,
        157.46686632475163
      ]
    },
    {
      "N": 16,
      "f_opt": -20918.053777588793,
      "b": 10,
      "m": 80,
      "deltas": [
        -757.5519968079243,
        -188.05842243919565,
        206.72503692354275,
        1375.671125753277,
        -660.968588986182,
        749.893503136565,
        -332.0705240818598,
        -1103.4962199799713,
        98.52813395437417,
        -18.84620253579019,
        -543.2812190560551,
        331.0866305356979,
        -1877.2681381532452,
        -213.02462140820967,
        743.2379643017017,
        -1172.046168801146,
        859.2756629364877,
        898.9220244654082,
        168.5977526081785,
        431.6972045036666,
        -211.11574631003427,
        793.0070148663341,
        -1010.219267470322,
        -605.6715209774071,
        -382.0781460592677,
        1354.9953722995683,
        -152.59295316062045,
        153.95536539684326,
        773.3024089061781,
        762.3762241924447,
        -550.4463785958039,
        -719.824506493024,
        117.90621236737952,
        -643.7648275919337,
        1296.70543028171,
        -93.25234973969515,
        49.52751138557205,
        -450.7703413185028,
        -1976.7142900257588,
        180.5761625823907,
        -144.72887076938883,
        -277.6910562986658,
        -108.48851391309341,
        1443.85694972314,
        607.6323693319767,
        -187.20987197335097,
        219.98418236530117,
        -720.7531503154482,
        -293.7900714685204,
        -199.57358874335466,
        -489.19608360646015,
        442.81424728007147,
        909.1062042282974,
        -164.98216305850545,
        -1622.8766490483442,
        754.0054994525726,
        890.1633084698598,
        1077.6562985733965,
        -587.8317623597102,
        -977.2415726056088,
        852.9647209057149,
        711.6558756447305,
        208.16512992199577,
        478.62458009921903,
        -46.918927937372366,
        -1227.3253598170384,
        -281.68116745368997,
        -347.31123286447803,
        214.35444596889556,
        841.4612430719778,
        -496.6287619265313,
        -1410.374210417001,
        30.928042117570985,
        828.6586999913774,
        252.40788200478082,
        -235.49742100707496,
        -866.988883065914,
        -982.3400371571151,
        -970.4210212355076,
        -873.538117894274
      ]
    },
    {
      "N": 32,
      "f_opt": -20949.91689096162,
      "b": 19,
      "m": 160,
      "deltas": [
        273.1359835450905,
        519.883636272937,
        534.542605203178,
        30.324968286748152,
        -1381.4843371223167,
        717.9014355028816,
        -694.2078469817347,
        547.9575972782651,
        442.0648710680204,
        19.790067066003683,
        -832.8261299465339,
        -814.9531769027644,
        -487.33949513832613,
        650.1119993786884,
        614.579928433004,
        486.97622211048656,
        -280.0692837827394,
        -456.8961820271903,
        -351.58470955784725,
        1105.1562934804854,
        -914.6531968533268,
        -839.4975999621719,
        -1063.1653354181835,
        -641.5679489735392,
        -13.351179905953598,
        206.87601460604878,
        -451.46689314530613,
        -134.15794004496587,
        -669.9192737800443,
        579.7383549229685,
        347.818432746561,
        133.18679691065233,
        -27.955127265967025,
        -0.8019903287210991,
        -322.19019540841117,
        -922.0851157422396,
        577.4355692728358,
        -688.7406737192467,
        110.80714758559407,
        -548.1034822208203,
        592.1534723905905,
        -1029.8173756036856,
        -1134.7742797396886,
        132.96887298925256,
        94.90023985933138,
        944.1744310118953,
        -1308.7047591715154,
        559.6110762317853,
        -222.10310223703138,
        75.48287679850304,
        -369.3457236080434,
        448.19726755579774,
        -146.78843142790947,
        546.6293211762468,
        356.6449626342534,
        -600.0257787845993,
        791.6440445304246,
        -458.31870734452247,
        488.89401335900146,
        145.06219358931756,
        -528.8563887724422,
        686.0147234765741,
        -668.483270261719,
        -153.42157574386817,
        89.72413701314665,
        -11.206783456274296,
        229.44662415276616,
        -239.62356380081158,
        -719.3248819691526,
        347.8845508661171,
        -544.2733816405794,
        -332.14706559539826,
        -79.23507383009535,
        488.54184305186493,
        -681.8215502185283,
        -1130.320197910479,
        -272.4431425290722,
        -784.0491402197937,
        690.687059553762,
        392.701989228789,
        1445.154889897694,
        182.13255412101185,
        -600.7279406743057,
        745.0354634139895,
        1197.7753585229223,
        248.38980651397048,
        469.35759960363725,
        457.1279813105417,
        -812.9671876041629,
        -375.93587372072676,
        -545.3538225682727,
        -450.30756763971846,
        -144.00180158967132,
        962.4038026150394,
        -8.904018305158448,
        -1205.111312733975,
        -553.778851774496,
        28.899229093961836,
        -887.8093784669043,
        -644.3271176897401,
        92.1254019697135,
        -54.27061278155836,
        93.28950035010824,
        110.4368637300901,
        125.99721850502607,
        19.488850731489133,
        -429.65341115919836,
        -259.78147607370016,
        -539.3637129989415,
        -2360.36301028582,
        134.9343212148504,
        -487.1613228120141,
        -1299.7963883889404,
        -1095.4787964614557,
        945.3862264157933,
        -998.3379244479892,
        -62.61059036265356,
        -889.3957991422508,
        -1503.5167353960808,
        -585.7809844879622,
        62.9122823270082,
        970.2403981224827,
        420.3098628309596,
        -731.1043454900257,
        390.5779916026892,
        -555.4120882777274,
        -45.46070080234089,
        525.7760049465334,
        -159.80286333546,
        583.4346472166027,
        356.1434257019497,
        -210.80720654182932,
        -810.4813556063233,
        857.4315970003205,
        -376.8551835053,
        -236.6045550454959,
        77.42303715581208,
        270.6589265109141,
        -872.1525450263155,
        1318.7873472718454,
        466.30218884853093,
        402.1889958332541,
        -76.38510170241425,
        1271.2406422674183,
        -1664.3651731626487,
        1270.990579944831,
        436.0571915118866,
        -656.2592620409348,
        685.2188640829484,
        -538.2150629157957,
        34.408845548871106,
